{
    "locale": "pt-BR",
    "dateFormat": "dd/mm/yyyy",
    "timeFormat": "h24",
    "datetimeFormat": "dd/mm/yyyy|hh:mi pm",
    "currencyPrefix": "R$",
    "currencySuffix": "",
    "currencyPrecision": 2,
    "groupSymbol": " ",
    "decimalSymbol": ",",
    "shortmonths": [ "Jan", "Fev", "Mar", "Abr", "Mai", "Jun", "Jul", "Ago", "Set", "Out", "Nov", "Dez" ],
    "fullmonths": [ "Janeiro", "Fevereiro", "Março", "Abril", "Maio", "Junho", "Julho", "Agosto", "Setembro", "Outubro", "Novembro", "Dezembro" ],
    "shortdays": [ "Seg", "Ter", "Qua", "Qui", "Sex", "Sáb", "Dom" ],
    "fulldays": [ "Segunda", "Terça", "Quarta", "Quinta", "Sexta", "Sábado", "Domingo" ],
    "weekStarts": "M",
    "phrases": {
        "${count} letters or more...": "${count} letras ou mais...",
        "Add new record": "Adicionar novo registro",
        "Add New": "Adicionar novo",
        "Advanced Search": "Pesquisa Avançada",
        "after": "depois de",
        "AJAX error. See console for more details.": "Erro de AJAX. Veja o console para mais detalhes.",
        "All Fields": "Todos os campos",
        "All": "Todos",
        "Any": "Qualquer",
        "Are you sure you want to delete ${count} ${records}?": "Tem certeza de que deseja excluir ${count} ${records}?",
        "Attach files by dragging and dropping or Click to Select": "Anexar arquivos arrastando e soltando ou clique para selecionar",
        "before": "antes de",
        "begins with": "começa com",
        "begins": "inicia com",
        "between": "entre",
        "buffered": "armazenado",
        "Cancel": "Cancelar",
        "Close": "Fechar",
        "Column": "Coluna",
        "Confirmation": "Confirmação",
        "contains": "contém",
        "Copied": "Copiado",
        "Copy to clipboard": "Copiar para área de transferência",
        "Current Date & Time": "Data e Hora Atual",
        "Delete selected records": "Remover registros selecionados",
        "Delete": "Remover",
        "Do you want to delete search item \"${item}\"?": "Você quer deletar o item de pesquisa \"${item}\"?",
        "Edit selected record": "Editar o registro selecionado",
        "Edit": "Editar",
        "Empty list": "Lista vazia",
        "ends with": "termina com",
        "ends": "termina com",
        "Field should be at least ${count} characters.": "O campo deve ter pelo menos ${count} caracteres.",
        "Hide": "Ocultar",
        "in": "em",
        "is not": "não é",
        "is": "é",
        "less than": "menor que",
        "Line #": "Linha #",
        "Load ${count} more...": "Carregar mais ${count}...",
        "Loading...": "Carregando...",
        "Maximum number of files is ${count}": "O número máximo de arquivos é ${count}",
        "Maximum total size is ${count}": "O tamanho total máximo é ${count}",
        "Modified": "Modificado",
        "more than": "maior que",
        "Multiple Fields": "Multiplos campos",
        "Name": "Nome",
        "No items found": "Nenhum item encontrado",
        "No matches": "Sem correspondências",
        "No": "Não",
        "none": "Nenhum",
        "Not a float": "Número não é um ponto flutuante",
        "Not a hex number": "Número não é hexadecimal",
        "Not a valid date": "Data inválida",
        "Not a valid email": "Email inválido",
        "Not alpha-numeric": "Valor não é alfanumérico",
        "Not an integer": "Número não é um inteiro",
        "Not in money format": "Valor não está no formato de moeda",
        "not in": "not in",
        "Notification": "Notificação",
        "of": "de",
        "Ok": "OK",
        "Opacity": "Opacity",
        "Record ID": "ID do registro",
        "record": "registro",
        "records": "registros",
        "Refreshing...": "Atualizando...",
        "Reload data in the list": "Recarregar os dados na listagem",
        "Remove": "Remover",
        "Remove This Field": "Remover este campo",
        "Request aborted.": "Requisição abortada.",
        "Required field": "Campo requerido",
        "Reset": "Resetar",
        "Restore Default State": "Restaurar o estado padrão",
        "Returned data is not in valid JSON format.": "Os dados retornados não estão no formato JSON válido.",
        "Save changed records": "Salvar registros modificados",
        "Save Grid State": "Salvar estado da grid",
        "Save": "Salvar",
        "Saved Searches": "Pesquisas salvas",
        "Saving...": "Salvando",
        "Search took ${count} seconds": "Pesquisa levou ${count} segundos",
        "Search": "Pesquisar",
        "Select Hour": "Selecione a hora",
        "Select Minute": "Selecione o minuto",
        "selected": "selecionado",
        "Server Response ${count} seconds": "Resposta do servidor ${count} segundos",
        "Show/hide columns": "Exibir/ocultar colunas",
        "Show": "Exibir",
        "Size": "Tamanho",
        "Skip": "Saltar",
        "Sorting took ${count} seconds": "Ordenação levou ${count} segundos",
        "Type to search...": "Digite uma pesquisa...",
        "Type": "Tipo",
        "Yes": "Sim",
        "Yesterday": "Ontem",
        "Your remote data source record count has changed, reloading from the first record.": "A contagem de registros na fonte de dados mudou, recarregando a partir do primeiro registro."
    }
}
